2025-03-05 11:35:53.153197,Class 2,Success
2025-03-05 11:40:28.335654,Class 3,Failed
2025-03-05 12:00:28.535765,Class 1,Failed
2025-03-05 12:00:37.111820,Class 1,Success
2025-03-05 12:26:12.801319,Class 1,Failed
2025-03-05 12:26:17.802180,Class 1,Success
2025-03-05 12:57:58.561271,Class 1,Failed
2025-03-05 12:58:08.393002,Class 1,Success
2025-03-05 13:36:01.098074,Class 1,Success
2025-03-05 13:50:19.877694,Class 1,Success
2025-03-05 14:14:58.536108,Class 1,Success
2025-03-05 14:26:15.069484,Class 1,Success
2025-03-05 14:36:27.780047,Class 1,Success
2025-03-06 11:21:29.523379,Class 1,Success
2025-03-06 11:34:28.686641,Class 1,Success
2025-03-06 11:56:07.630255,Class 1,Success
2025-03-06 12:09:56.078559,Class 10,Success
2025-03-06 12:24:45.639233,Class 1,Success
2025-03-06 12:36:15.308994,Class 1,Success
2025-03-06 12:50:33.721060,Class 1,Success
2025-03-06 13:17:34.790161,Class 1,Success
2025-03-06 13:31:55.538049,Class 1,Success
2025-03-06 14:15:53.533348,Class 1,Success
2025-03-10 16:41:04.933161,Class 1,Success
2025-03-19 11:24:43.066400,Class 1,Success
2025-03-19 13:50:18.506537,Class 6,Success
2025-03-19 14:59:57.052220,Class 6,Success
2025-03-21 14:09:24.547621,General,Student,Success
2025-03-21 14:13:57.548661,Class 1,Student,Success
2025-03-21 14:31:58.303186,General,Student,Success
2025-03-21 14:34:29.521994,General,Student,Success
2025-03-21 14:38:14.770669,General,Student,Success
2025-03-21 15:26:30.259659,Class 2,Student,Success
2025-03-21 15:36:00.823407,Class 2,Student,Success
2025-03-21 15:36:44.763774,General,Student,Success
2025-03-21 15:39:29.161692,Class 2,Student,Success
2025-03-21 15:43:02.607615,Class 2,Student,Success
2025-03-21 16:03:28.726684,Class 2,Student,Success
2025-03-21 16:19:32.113223,Class 2,Student,Success
2025-03-21 16:31:49.395896,Class 2,Student,Success
2025-03-21 16:39:49.085662,Class 2,Student,Success
2025-03-21 16:48:18.490748,Class 2,Student,Success
2025-03-21 16:54:55.604107,Class 2,Student,Success
2025-03-21 17:01:20.707510,Class 2,Student,Success
2025-03-21 17:10:34.852322,Class 2,Student,Success
